,file_path,file_name,creation,duration,resolution,fps,desc
0,./data/videos/individual-rotifer/2024_0201_152310_089.MP4,2024_0201_152310_089.MP4,1706962373.6300607,46.04,"[2880, 2160]",24.0,
1,./data/videos/individual-rotifer/2024_0201_152431_090.MP4,2024_0201_152431_090.MP4,1706962373.6283522,77.78999999999999,"[2880, 2160]",24.0,
2,./data/videos/individual-rotifer/2024_0201_152845_091.MP4,2024_0201_152845_091.MP4,1706962373.6334054,113.67,"[2880, 2160]",24.0,
3,./data/videos/individual-rotifer/2024_0201_153151_092.MP4,2024_0201_153151_092.MP4,1706962373.6317515,212.21,"[2880, 2160]",24.0,
